tài liệu, thời gian (giây)
1,6.298184633255005
5,35.42516303062439
10,69.47101521492004
20,168.5672173500061
30,240.59050869941711